timestamp,left_ear,right_ear,avg_ear,is_blinking,blink_count,h_gaze,v_gaze,left_pupil_x,left_pupil_y,right_pupil_x,right_pupil_y,iris_relative_x,iris_relative_y
1743122681.374429,0.39993348465004014,0.46312821619566746,0.4315308504228538,False,9,Right,Up,524,318,657,318,-0.0007626722700126952,-0.06919058516384563
1743122681.407381,0.4215611125558041,0.458927557785565,0.4402443351706845,False,9,Right,Up,524,319,658,318,0.0016158569623890007,-0.04694035603776986
1743122681.441445,0.4342285640502963,0.4640682429096495,0.44914840347997287,False,9,Right,Up,524,319,658,318,-0.0024339077165864524,-0.07479037424988605
1743122681.473776,0.4367539345422861,0.4553427102637774,0.4460483224030317,False,9,Right,Up,524,319,658,318,0.005750955655785948,-0.03857906850068643
1743122681.506649,0.4378823850606843,0.47966725001983573,0.45877481754026,False,9,Right,Up,524,319,658,318,-0.0008909145433461697,-0.03507086121366648
1743122681.540448,0.45277787080595744,0.4888532149239295,0.4708155428649435,False,9,Right,Up,524,319,658,318,-0.0009777263356923228,-0.033990999240110564
1743122681.575117,0.45121818555147764,0.47982624833055526,0.4655222169410165,False,9,Right,Up,524,319,658,318,-0.0023273157620862413,-0.052985750768367035
1743122681.607316,0.45658709523345026,0.470517836117864,0.4635524656756571,False,9,Right,Up,524,319,658,319,-0.005387585146164529,-0.005290243632677993
1743122681.641024,0.4649976343359243,0.47659780903989774,0.470797721687911,False,9,Right,Up,524,319,658,319,-0.0018567254417757861,-0.016077851543329358
1743122681.674109,0.45893963400927446,0.48553153933792265,0.47223558667359855,False,9,Right,Up,524,319,658,319,-0.0037157042618184005,-0.01714401666349613
1743122681.707135,0.48430843342980945,0.497733159585949,0.4910207965078792,False,9,Center,Up,523,319,658,319,-0.0037733671128088835,-0.011397140490446767
1743122681.7415922,0.5139158806255402,0.4974548198549631,0.5056853502402516,False,9,Center,Up,524,320,658,319,0.000534522641362771,-0.006290928567498522
1743122681.774749,0.5157506242903489,0.4919827380787988,0.5038666811845738,False,9,Center,Up,524,320,658,319,-0.0026479785034155684,0.026639694992085572
1743122681.808924,0.5231773461150353,0.5082694195979932,0.5157233828565142,False,9,Center,Up,524,320,658,320,-0.002393544117027132,0.031780144760622575
1743122681.838109,0.5167062857404303,0.484090393577941,0.5003983396591857,False,9,Center,Up,523,320,657,319,-0.010392054190404905,0.025100191843934916
1743122681.874068,0.5039452615318556,0.5065046956616909,0.5052249785967733,False,9,Center,Up,522,320,655,319,-0.021816388213539803,0.01825629803212986
1743122681.907,0.47270525323483725,0.5272189605659809,0.4999621069004091,False,9,Center,Up,521,320,655,319,-0.032794405006892756,0.0306430890160026
1743122681.9409652,0.4811552698240121,0.5239752685041096,0.5025652691640609,False,9,Center,Up,520,320,654,319,-0.03162560511103045,0.0579519083713434
1743122681.974139,0.4934446094858316,0.5428763680006728,0.5181604887432523,False,9,Center,Up,520,320,654,319,-0.038726582269881335,0.08847374498392885
1743122682.008467,0.5235844142829075,0.531702186012745,0.5276433001478262,False,9,Center,Up,520,321,654,319,-0.03477040543571979,0.11464122843644226
1743122682.041554,0.5210106582379379,0.5316302902545809,0.5263204742462594,False,9,Left,Down,520,321,653,319,-0.03892088871241302,0.11527683280438944
1743122682.073847,0.5281784212737732,0.5234164298630845,0.5257974255684288,False,9,Left,Down,520,321,653,319,-0.03732190884174416,0.09115354661219616
1743122682.1079738,0.5761247892406748,0.5503389128029736,0.5632318510218242,False,9,Left,Down,520,321,653,320,-0.03921433588493228,0.121447351498778
1743122682.140404,0.542063080511544,0.5540045264536071,0.5480338034825756,False,9,Left,Down,519,321,653,319,-0.035717246337907974,0.1212214566623861
1743122682.1744692,0.5428613289834829,0.5668088561775906,0.5548350925805368,False,9,Left,Down,520,321,653,320,-0.04120756472354685,0.13072083443586352
1743122682.2069829,0.5364540320217386,0.5666054447336136,0.551529738377676,False,9,Left,Down,519,321,652,320,-0.040593116334250764,0.1183136848127157
1743122682.241173,0.5710273352797555,0.5804682756770564,0.575747805478406,False,9,Left,Down,519,322,653,320,-0.0335170872139246,0.13189155687050086
1743122682.274264,0.5581155871666104,0.5770277245622776,0.5675716558644439,False,9,Left,Down,519,322,653,321,-0.03714029453724151,0.13757907557782695
1743122682.3070269,0.560715946224894,0.5745177680171136,0.5676168571210038,False,9,Left,Down,519,322,653,321,-0.03994007325016166,0.15823345161650532
1743122682.340242,0.5531271214537188,0.5742125443139421,0.5636698328838304,False,9,Left,Down,519,322,653,321,-0.04161683227461145,0.14739210870626557
1743122682.3724952,0.5618353363341705,0.5718621567079618,0.5668487465210661,False,9,Left,Down,519,322,652,321,-0.03822391326987649,0.14982383527848403
1743122682.404555,0.5564478266933562,0.5761938060465364,0.5663208163699462,False,9,Left,Down,519,323,653,322,-0.03844771821076593,0.153205892614853
1743122682.441165,0.5441646336197946,0.5862292595999523,0.5651969466098734,False,9,Left,Down,519,323,653,322,-0.03852208514651738,0.1738412542021644
1743122682.474476,0.5446476543513015,0.5795408273911059,0.5620942408712037,False,9,Left,Down,519,323,652,322,-0.037407204610654284,0.16175022048366078
1743122682.507856,0.5433758801359202,0.5600314393454617,0.551703659740691,False,9,Left,Down,519,323,652,322,-0.03601012561672474,0.1289374729063753
1743122682.540097,0.5246142629043341,0.5577597937406001,0.5411870283224671,False,9,Left,Down,519,323,652,323,-0.03441663653953853,0.14417866847071098
1743122682.57307,0.5222329713488375,0.5772920545867982,0.5497625129678179,False,9,Left,Down,519,323,652,323,-0.03139867210051689,0.14728619921845315
1743122682.607602,0.4994227751328081,0.5565499088093666,0.5279863419710873,False,9,Left,Down,519,323,652,323,-0.034674710250152924,0.12273057078562305
1743122682.637981,0.517194160551123,0.545697501123258,0.5314458308371905,False,9,Left,Down,519,323,653,322,-0.02639945984166152,0.11797739516421385
1743122682.6748412,0.5161812575405175,0.5457841699560323,0.5309827137482749,False,9,Left,Down,519,323,652,322,-0.028765385353928603,0.09480267250116375
1743122682.707999,0.5336414697710197,0.5237479332145633,0.5286947014927914,False,9,Left,Down,519,323,652,322,-0.0304379833531839,0.09062829596742011
1743122682.74132,0.5627261733693888,0.5500369728923988,0.5563815731308939,False,9,Left,Down,519,323,653,322,-0.032854100951972026,0.10861156176099934
1743122682.7733881,0.5460059870805105,0.5578063930537388,0.5519061900671247,False,9,Left,Down,519,323,652,321,-0.034126114452162064,0.12815811168416374
1743122682.8077629,0.5613774353142625,0.5722983130222461,0.5668378741682543,False,9,Left,Down,519,323,653,321,-0.0383966603933828,0.13518240771443973
1743122682.839926,0.5692566505251242,0.5735280078399742,0.5713923291825491,False,9,Left,Down,519,322,652,321,-0.03869582544221473,0.13682277287142314
1743122682.873578,0.5589194288219632,0.6047615232236299,0.5818404760227965,False,9,Left,Down,520,322,652,321,-0.04053876335530213,0.13939001895795072
1743122682.90673,0.5393654547350057,0.578957289745962,0.5591613722404838,False,9,Left,Down,519,322,653,321,-0.03868318167846796,0.11258960016638736
1743122682.9414191,0.559137800889038,0.5938939079130047,0.5765158544010214,False,9,Left,Down,519,322,653,321,-0.0412293328262646,0.15300475654967666
1743122682.974636,0.5676288524928099,0.571936883366596,0.569782867929703,False,9,Left,Down,519,322,653,321,-0.036848969928580104,0.11915644112347207
1743122683.0069141,0.5673743307944557,0.5881298458563011,0.5777520883253784,False,9,Left,Down,520,322,653,320,-0.034622019041893166,0.14526525409460606
1743122683.04014,0.5616588699216858,0.5696008757796375,0.5656298728506617,False,9,Left,Down,520,321,653,320,-0.034276387877360176,0.1420303762092861
1743122683.073408,0.54178163598994,0.5748712292064416,0.5583264325981908,False,9,Left,Down,520,321,654,320,-0.030889715124247485,0.1526768666086175
1743122683.1069062,0.518799047644383,0.5696231548022896,0.5442111012233364,False,9,Left,Down,522,320,656,319,-0.018997359825919175,0.08095980048908419
1743122683.139918,0.5102550958891376,0.5732143450075491,0.5417347204483434,False,9,Left,Down,523,319,658,319,6.677184450664189e-05,0.07175682167878433
1743122683.171796,0.5135495814811438,0.5490769955232326,0.5313132885021883,False,9,Left,Down,526,321,660,319,0.021642279302826636,0.07723768722324992
1743122683.209022,0.5301540293895157,0.5919256458670714,0.5610398376282936,False,9,Left,Down,528,320,661,319,0.04243559245184129,0.04976656690608233
1743122683.239507,0.5260910863303941,0.5701615156585722,0.5481263009944832,False,9,Left,Down,529,320,662,319,0.042600499049106455,0.0800264941682996
1743122683.273783,0.5187964581460229,0.5790171313445587,0.5489067947452908,False,9,Left,Down,529,320,662,320,0.04372769336460759,0.06794080993062562
1743122683.307094,0.5441645481858101,0.579988029788835,0.5620762889873225,False,9,Left,Down,529,320,662,319,0.04477592105836809,0.08156781605773161
1743122683.339957,0.5437190217214316,0.5750758646550564,0.559397443188244,False,9,Left,Down,529,320,662,319,0.03703884199091511,0.07531800820206641
1743122683.373853,0.5319634850822413,0.5723710488171886,0.552167266949715,False,9,Left,Down,529,320,662,319,0.039349089588307885,0.04827622842386431
1743122683.40736,0.533908410438344,0.561869844753801,0.5478891275960724,False,9,Left,Down,529,320,662,319,0.038255682027603356,0.03791127725132287
1743122683.441128,0.5356572044908565,0.551076755964786,0.5433669802278213,False,9,Right,Down,529,320,662,319,0.04342838481685138,0.04904918501111705
1743122683.4731112,0.5301913555114852,0.5622674449639373,0.5462294002377113,False,9,Right,Down,529,320,662,319,0.04035626359891632,0.032553164339334584
1743122683.506624,0.5380122794762577,0.5833992915111035,0.5607057854936806,False,9,Right,Down,529,319,663,319,0.04132666916789484,0.060928790803250366
1743122683.54029,0.54391992054808,0.58031581075333,0.5621178656507051,False,9,Right,Down,529,319,663,319,0.0449930424211744,0.05585587889629634
1743122683.572612,0.5434921768683364,0.5882537906788812,0.5658729837736087,False,9,Right,Down,529,320,663,319,0.04194221878360095,0.049808054123222256
1743122683.606619,0.5313763047774072,0.5750309311806584,0.5532036179790327,False,9,Right,Down,528,319,662,319,0.03749164836387303,0.03572608098687008
1743122683.639871,0.5463712500288864,0.5214029644467465,0.5338871072378164,False,9,Right,Down,527,319,660,319,0.01811241941512961,0.06900465045707321
1743122683.674179,0.4998257587352954,0.5169991512943083,0.5084124550148018,False,9,Right,Down,523,319,656,318,-0.021053982155352074,0.10008475774282116
1743122683.706378,0.5393998340548778,0.5136233304867853,0.5265115822708315,False,9,Right,Down,521,319,654,318,-0.036452030280410164,0.14848995148019933
1743122683.739936,0.515726352388862,0.521120381020266,0.518423366704564,False,9,Right,Down,520,319,654,318,-0.03998259408439147,0.14204657431416517
1743122683.774001,0.5227504382514021,0.5333254344290058,0.5280379363402039,False,9,Right,Down,520,319,654,317,-0.036357302825847204,0.12979818546216043
1743122683.80639,0.5323510209221939,0.5530437952949632,0.5426974081085785,False,9,Right,Down,520,319,654,317,-0.03891497262642007,0.15499380122210088
1743122683.840085,0.552011380186103,0.5656444105442372,0.5588278953651701,False,9,Right,Down,520,319,654,317,-0.04086575118199842,0.1580209332463734
1743122683.8737411,0.5526279409264783,0.5670375479596179,0.5598327444430481,False,9,Right,Down,520,319,654,317,-0.03816049011908313,0.12686157984162322
1743122683.9057112,0.5512177681031972,0.5782178308140801,0.5647177994586386,False,9,Right,Down,520,319,654,317,-0.03523564033327245,0.14728678871909445
1743122683.9397619,0.5571352006810979,0.5811903174080574,0.5691627590445776,False,9,Right,Down,520,318,654,317,-0.03569271963001946,0.10953444190911582
1743122683.972811,0.5640589394340035,0.5806279491902949,0.5723434443121492,False,9,Left,Down,520,318,653,317,-0.034875313373170846,0.10743833888570803
1743122684.007091,0.560888035025915,0.575003255765258,0.5679456453955865,False,9,Left,Down,520,318,653,317,-0.03500621946305606,0.10566885128046971
1743122684.040044,0.5632955232512289,0.5850993715833035,0.5741974474172662,False,9,Left,Down,520,318,653,317,-0.034271593083318036,0.10902710571854263
1743122684.07322,0.5576633677562739,0.5869590034240875,0.5723111855901807,False,9,Left,Down,520,318,653,317,-0.03538881131650236,0.0995869147143506
1743122684.1074219,0.5736646902532202,0.5924307752003288,0.5830477327267745,False,9,Left,Down,520,318,653,317,-0.03297344722507136,0.10120650422622784
1743122684.1404219,0.5775534619019322,0.5710586272976665,0.5743060445997994,False,9,Left,Down,520,318,653,317,-0.0343583791602884,0.09983445961878729
1743122684.172528,0.5798218956861815,0.576900127787386,0.5783610117367837,False,9,Left,Down,520,319,653,318,-0.03522563837972384,0.09468821828423907
1743122684.205982,0.5517220212734338,0.5697876471654602,0.560754834219447,False,9,Left,Down,520,319,655,318,-0.032642726589697024,0.09958783966251067
1743122684.240204,0.4614932112308818,0.5036129762882452,0.48255309375956346,False,9,Left,Down,522,320,658,319,-0.005978421827925736,0.07218230659874886
1743122684.2731771,0.4694479255985753,0.48902186831769995,0.4792348969581376,False,9,Left,Down,524,321,659,319,0.003970499780111145,0.01385360927584306
1743122684.306411,0.491546621773741,0.5059050876027371,0.49872585468823905,False,9,Left,Down,525,321,659,320,0.016080678687589025,0.014425273224572044
1743122684.340671,0.5001769751657026,0.5155160140965762,0.5078464946311394,False,9,Left,Down,525,321,659,320,0.010930595648224642,0.010917727521487619
1743122684.373548,0.527087713408164,0.5319591667025833,0.5295234400553737,False,9,Left,Down,525,321,660,320,0.01627080152434729,0.010792652577003514
1743122684.406327,0.5052960555353029,0.5090821866888635,0.5071891211120831,False,9,Left,Down,527,322,661,321,0.026925436767047714,0.017545492267953045
1743122684.438886,0.4934112706124655,0.49405466061447234,0.4937329656134689,False,9,Left,Down,527,322,661,321,0.03051991608041331,0.025830743682091872
1743122684.4716532,0.4904077126439437,0.48912328601091465,0.4897654993274292,False,9,Left,Down,528,322,662,321,0.030590474973572687,0.03111544862704313
1743122684.5073228,0.511334371898557,0.508908843537415,0.510121607717986,False,9,Left,Down,528,322,662,321,0.02807214128776301,0.028120614411888345
1743122684.539843,0.5023395893540127,0.5284708273689513,0.515405208361482,False,9,Left,Down,528,322,662,322,0.03158616104132594,0.032351023247721156
1743122684.574532,0.484136497032037,0.5337212039469917,0.5089288504895144,False,9,Left,Down,528,323,662,322,0.032525618081765025,0.04096376128430784
1743122684.607454,0.4854816466224152,0.5256313874008763,0.5055565170116458,False,9,Right,Down,528,323,662,322,0.035813214831987045,0.043463593037307235
1743122684.639468,0.4936672044892835,0.5391126441150069,0.5163899243021453,False,9,Right,Down,529,323,662,322,0.0461276334919022,0.021348675924731497
1743122684.672891,0.4780142364423571,0.5371598296806384,0.5075870330614978,False,9,Right,Down,529,324,662,323,0.0397243337425793,0.019593621884271883
1743122684.705756,0.5082884362637378,0.5251571156228367,0.5167227759432873,False,9,Right,Down,530,324,662,323,0.043412666744556905,0.02601316114677893
1743122684.739962,0.5143802463495988,0.536268349465719,0.5253242979076589,False,9,Right,Down,529,324,662,323,0.04097218273770111,0.051574866052252866
1743122684.7730901,0.5159344772574851,0.535181345421139,0.5255579113393121,False,9,Right,Down,530,324,663,323,0.046533763194655756,0.03410374110644493
1743122684.807433,0.5207050582302556,0.546154667996225,0.5334298631132404,False,9,Right,Down,530,323,663,323,0.04541065033860279,0.0507250597390006
1743122684.840435,0.5320026565076177,0.558846018171591,0.5454243373396044,False,9,Right,Down,530,323,663,323,0.0479359571364254,0.03475219330527596
1743122684.873045,0.5241910146616034,0.5659548191421597,0.5450729169018815,False,9,Right,Down,530,323,663,323,0.049801717574750645,0.02712126151153421
1743122684.905747,0.5334750230765946,0.5642676875898783,0.5488713553332365,False,9,Right,Down,530,323,663,323,0.048479188560583655,0.02913114180398796
1743122684.939567,0.5368862164064361,0.5653773572794845,0.5511317868429603,False,9,Right,Down,530,324,663,323,0.04567801286015457,0.033973034703245586
1743122684.972573,0.536926389011592,0.5572413259033051,0.5470838574574486,False,9,Right,Down,530,324,663,323,0.049366710760185464,0.03281531341630789
1743122685.005997,0.5361817401209846,0.5561604544719718,0.5461710972964782,False,9,Right,Down,530,324,662,323,0.044278536154035326,0.006821499332264003
1743122685.040478,0.540879953130887,0.5568761672813217,0.5488780602061043,False,9,Right,Down,530,324,662,323,0.03962470966494325,0.02076373464847242
1743122685.073493,0.530299061686847,0.5699657574533974,0.5501324095701222,False,9,Right,Down,529,324,662,323,0.03693423926529182,0.03554555605822324
1743122685.106296,0.5356486878243306,0.5739093897842996,0.5547790388043151,False,9,Right,Down,529,324,662,324,0.03841500175741337,0.03941531024557193
1743122685.139597,0.5397473414983621,0.5757404951792818,0.557743918338822,False,9,Right,Down,529,324,662,324,0.0418456051815406,0.028176689591950244
1743122685.1728158,0.5365686917545324,0.5814083878153169,0.5589885397849246,False,9,Right,Down,529,324,662,324,0.039054332718602425,0.04133158530358344
1743122685.205951,0.5405738234894277,0.5664424777864266,0.5535081506379271,False,9,Right,Down,529,324,662,323,0.04126275527147812,0.03154947267121072
1743122685.239359,0.5653748860055682,0.5759987895953311,0.5706868378004497,False,9,Right,Down,528,324,662,324,0.04382895025087294,0.03476880754981143
1743122685.273041,0.49920822057561237,0.5353595006119213,0.5172838605937669,False,9,Right,Down,526,326,659,324,0.007186850935352243,0.07814466037494477
1743122685.307085,0.5213356236496601,0.5416450828785605,0.5314903532641103,False,9,Right,Down,525,325,658,324,0.0035789457940181985,0.08835526360224982
1743122685.339217,0.538286216880232,0.5613462142672861,0.5498162155737591,False,9,Right,Down,525,325,658,325,0.00020293707192510155,0.10251235302928113
1743122685.372339,0.5248251890673582,0.5484974439640765,0.5366613165157174,False,9,Right,Down,524,325,658,325,0.001909154143930357,0.0981753490638318
1743122685.406548,0.5247625612901774,0.5422769024205725,0.5335197318553749,False,9,Right,Down,524,325,658,324,0.0036747763881156206,0.0960576681435949
1743122685.439627,0.539480312273885,0.5292476168737987,0.5343639645738418,False,9,Right,Down,524,325,658,324,0.007344922738192591,0.08497318726677267
1743122685.472949,0.5487840252830243,0.5152804918705848,0.5320322585768045,False,9,Right,Down,524,325,658,324,0.007530230269607131,0.0840429888429684
1743122685.505879,0.5515535768048492,0.5222180662171853,0.5368858215110173,False,9,Right,Down,524,325,658,324,0.0059409328144685546,0.10301466363920825
1743122685.5403311,0.5464440119170102,0.5343763660577227,0.5404101889873665,False,9,Right,Down,524,325,658,324,0.0023616647466629392,0.1157220948404189
1743122685.5725088,0.5476013823469248,0.5368653474796421,0.5422333649132834,False,9,Right,Down,524,325,658,324,7.551421128924873e-07,0.10678101675441637
1743122685.6067781,0.5505338337669667,0.5378883131778388,0.5442110734724028,False,9,Right,Down,524,325,658,323,0.0024936925435809915,0.09092398881514879
1743122685.6388469,0.5547172543722644,0.5452294443047523,0.5499733493385084,False,9,Right,Down,524,325,657,323,0.0038656081913768826,0.09729299167659139
1743122685.672002,0.5443732882175745,0.5594107759403961,0.5518920320789853,False,9,Right,Down,523,324,657,323,0.0021566633702810242,0.10133008972279806
1743122685.706662,0.5553155749165014,0.5599159502178398,0.5576157625671706,False,9,Right,Down,523,324,657,322,0.0001309054397441549,0.10850245739214986
1743122685.739872,0.5480925347964131,0.5429827042804966,0.5455376195384548,False,9,Center,Down,523,323,657,322,-0.00039263858252695794,0.09208000236189423
1743122685.772574,0.5266312747709244,0.5302533362059133,0.5284423054884189,False,9,Center,Down,523,323,657,322,-0.0010593295788216515,0.07037474849232755
1743122685.805669,0.5342803642377811,0.5455063624109158,0.5398933633243485,False,9,Center,Down,522,323,656,322,-0.00501649989230598,0.07921366752844478
1743122685.840065,0.5360761325559324,0.5322048236790732,0.5341404781175028,False,9,Center,Down,522,323,656,322,-0.005208689231213131,0.07875737648749831
1743122685.872121,0.5619130484512036,0.5471848123229417,0.5545489303870726,False,9,Center,Down,522,322,656,321,-0.0066180129171777916,0.07811899935134398
1743122685.905365,0.5184527692449582,0.5176419154296531,0.5180473423373056,False,9,Center,Down,522,322,655,321,-0.018134950415236877,0.05913047485072492
1743122685.935989,0.5349439286990857,0.5587541097648842,0.5468490192319849,False,9,Center,Down,522,322,656,320,-0.02496568631888186,0.08096269870787037
1743122685.973786,0.5056232598505821,0.522535365439137,0.5140793126448595,False,9,Center,Down,521,321,655,320,-0.02493814625893624,0.06498582782257084
1743122686.006049,0.5217414183344635,0.5278325287960618,0.5247869735652626,False,9,Center,Down,521,321,654,319,-0.032924675535959104,0.08793696901293607
1743122686.0381398,0.5296583067386256,0.5585590363077717,0.5441086715231986,False,9,Center,Down,520,321,654,319,-0.03071420580439507,0.11066194022193304
1743122686.069851,0.5372219529916831,0.5271539614637454,0.5321879572277142,False,9,Center,Down,520,321,654,319,-0.03171327975239867,0.10992428758383471
1743122686.1030662,0.5358865822463272,0.5267270970106975,0.5313068396285123,False,9,Left,Down,519,321,654,319,-0.03557030407187399,0.11650470594864132
1743122686.136037,0.5369042137529106,0.5385498023334298,0.5377270080431702,False,9,Left,Down,520,320,653,319,-0.033631076949530866,0.10483583858859996
1743122686.1695738,0.5308907414364081,0.5386328552700863,0.5347617983532472,False,9,Left,Down,520,320,653,319,-0.034855966567841394,0.08594912269512528
1743122686.2039459,0.5495013330569746,0.5433707225504677,0.5464360278037211,False,9,Left,Down,520,320,653,319,-0.03388837698872474,0.11907609493260624
1743122686.2374558,0.5442412008090483,0.532767462035695,0.5385043314223716,False,9,Left,Down,519,320,653,319,-0.03316568764158129,0.11846752044305847
1743122686.269334,0.5389666134106369,0.5464792394088747,0.5427229264097557,False,9,Left,Down,519,320,653,319,-0.0347700883238878,0.127857508957741
1743122686.3028429,0.5506837417037106,0.5311268553181764,0.5409052985109435,False,9,Left,Down,519,319,653,318,-0.030982317194059375,0.08491863470321809
1743122686.335812,0.5391084626918183,0.5571560854140728,0.5481322740529455,False,9,Left,Down,519,319,653,318,-0.03244646603092116,0.12561107895782903
1743122686.36943,0.5447445740870266,0.5578088801463837,0.5512767271167052,False,9,Left,Down,519,319,654,318,-0.03355723600937245,0.13288028302623206
1743122686.402603,0.5520705527568945,0.5512131873909676,0.5516418700739311,False,9,Left,Down,520,319,654,318,-0.035549150594643725,0.13462707427704862
1743122686.439998,0.5371500580826062,0.5641223996986944,0.5506362288906503,False,9,Left,Down,520,318,654,318,-0.03220836399115156,0.12869587945679056
1743122686.473137,0.5198918734896169,0.5405285672488713,0.530210220369244,False,9,Left,Down,521,318,654,318,-0.03225498020241166,0.11005719565259348
1743122686.50588,0.5070301724571877,0.5273792917705229,0.5172047321138553,False,9,Left,Down,521,318,655,318,-0.025791487376780428,0.08489512986771547
1743122686.5387661,0.5431746942191279,0.5290567221109355,0.5361157081650316,False,9,Left,Down,523,318,656,317,-0.011165539138012721,0.11620203263939383
1743122686.572892,0.5438150578761404,0.5532679704980951,0.5485415141871177,False,9,Left,Down,523,318,657,317,-0.005719908475666537,0.10532018099608803
1743122686.604801,0.5413698812360571,0.5494430672573992,0.5454064742467282,False,9,Left,Down,523,318,657,317,-0.0030998300368371666,0.1003012165175195
1743122686.638517,0.5614537850634365,0.5465998646661681,0.5540268248648023,False,9,Left,Down,524,318,658,317,-0.0027641987992113905,0.0919727627359716
1743122686.673831,0.5424861172639054,0.5548139798218858,0.5486500485428956,False,9,Left,Down,523,318,658,317,4.142414049273027e-05,0.09905904137118898
1743122686.706611,0.5541342219654266,0.5556264640709085,0.5548803430181676,False,9,Left,Down,523,318,658,317,-0.000571518559010227,0.07820591500272994
1743122686.738585,0.5638077838256149,0.544908145182881,0.554357964504248,False,9,Left,Down,524,318,658,317,-0.0029723600392541003,0.06845926803437458
1743122686.772112,0.560406352989968,0.5439979122512089,0.5522021326205884,False,9,Left,Down,524,318,658,317,0.00034420780523326464,0.08876899682039935
1743122686.805377,0.5610328325845855,0.5328982600266803,0.5469655463056329,False,9,Left,Down,523,317,658,317,-0.005026253320599517,0.0717640354231151
1743122686.837437,0.5473922032094924,0.5305168328517513,0.5389545180306219,False,9,Left,Down,522,318,656,316,-0.012091265904204881,0.08360206320292113
1743122686.8709881,0.5107238784139563,0.5237713112524945,0.5172475948332254,False,9,Left,Down,521,317,655,317,-0.027018797243940223,0.06934180801430717
1743122686.905925,0.538242168656561,0.5441997335103071,0.541220951083434,False,9,Left,Down,521,317,655,316,-0.029445501837162633,0.07279986557574297
1743122686.94001,0.5325685662735609,0.5392867415182979,0.5359276538959294,False,9,Left,Down,521,317,655,317,-0.03402804515022422,0.0979316901738923
1743122686.971872,0.539361842066124,0.5403527511564181,0.5398572966112711,False,9,Left,Down,520,318,654,317,-0.03830888170371768,0.09289616778420323
1743122687.004782,0.5307691049516999,0.5334474607299764,0.5321082828408381,False,9,Left,Down,520,317,654,316,-0.037790608633486385,0.08358566404524742
1743122687.0390432,0.5050318002855536,0.49241729139079754,0.4987245458381756,False,9,Left,Down,520,318,653,317,-0.04197295163433458,0.057208466724839646
1743122687.070988,0.5146405090976166,0.5076006828030395,0.511120595950328,False,9,Left,Down,519,317,653,317,-0.035945731386451324,0.017181308657347405
1743122687.105087,0.5284452153701035,0.4934391882345711,0.5109422018023373,False,9,Left,Down,519,318,653,317,-0.03823943875695478,0.027408043112568337
1743122687.13885,0.5388126743418717,0.5151208952155815,0.5269667847787266,False,9,Left,Down,519,318,653,317,-0.03750355360194783,0.06093313161192354
1743122687.1729321,0.5458372430349309,0.5153964781044008,0.5306168605696658,False,9,Left,Down,519,318,653,317,-0.043115355606503945,0.03711082239893587
1743122687.204896,0.5582176676441478,0.5276783942755102,0.542948030959829,False,9,Left,Down,519,318,653,317,-0.04060648296958498,0.07316386997959695
1743122687.23889,0.5638155592833483,0.5391654449380573,0.5514905021107028,False,9,Left,Down,519,318,653,317,-0.040846530740966246,0.07078967261529906
1743122687.271842,0.5559030338791365,0.5177884618438462,0.5368457478614914,False,9,Left,Down,519,319,653,317,-0.04748515952432145,0.05469179548922226
1743122687.30497,0.546903450319452,0.5486380481562818,0.547770749237867,False,9,Left,Down,519,319,653,317,-0.04021655503428114,0.08698918741480371
1743122687.3388999,0.5404433162928132,0.5473463553104356,0.5438948358016245,False,9,Left,Down,519,319,653,318,-0.03889765274071756,0.0830129226834107
1743122687.3726132,0.5616857139839347,0.5413972827397292,0.551541498361832,False,9,Left,Down,519,319,653,318,-0.04189654017392111,0.08356103389792785
1743122687.4059782,0.5573199728260869,0.5500534332553415,0.5536867030407142,False,9,Left,Down,519,320,653,319,-0.03733068292678844,0.11484942306728668
1743122687.437888,0.5083277314720097,0.5116749168859311,0.5100013241789705,False,9,Left,Down,521,320,655,319,-0.0207044889764599,0.06594024215212985
1743122687.4720068,0.504214755673886,0.5048192901074924,0.5045170228906892,False,9,Left,Down,522,321,655,320,-0.013794751967133699,0.04998460152902778
1743122687.505117,0.5433546759603681,0.5422734038688438,0.542814039914606,False,9,Left,Down,522,322,656,320,5.13176101767307e-05,0.07923132769405222
1743122687.538391,0.5329588234778285,0.5230335372189912,0.5279961803484099,False,9,Left,Down,522,322,656,320,-0.006927060684576294,0.08155778401818586
1743122687.5716212,0.5424559728660412,0.5567110894860886,0.5495835311760648,False,9,Left,Down,523,322,657,321,-0.0008935316002774453,0.08327065088374613
1743122687.605356,0.5741599241189119,0.5865656949100198,0.5803628095144658,False,9,Left,Down,523,322,657,321,0.007060911377873607,0.11998497742245978
1743122687.63988,0.5540019550760433,0.5762984514121497,0.5651502032440965,False,9,Left,Down,522,323,657,321,0.0023893456831203946,0.11588814021834032
1743122687.671264,0.5368664281751422,0.5374397683942045,0.5371530982846733,False,9,Left,Down,522,323,657,322,-0.0013301284450519812,0.12231849820913615
1743122687.7048378,0.5325345116823981,0.5416993596233771,0.5371169356528875,False,9,Left,Down,523,323,657,322,-0.0031359593805437083,0.11746369546591634
1743122687.738278,0.5173050380498703,0.5115874755754658,0.514446256812668,False,9,Left,Down,523,324,657,323,0.000597992230771064,0.0687215984618122
1743122687.771158,0.43481496153619664,0.4481375721223488,0.4414762668292727,False,9,Left,Down,520,326,655,324,-0.019655151977444805,0.029711427255928735
1743122687.805266,0.25762426907217695,0.3179832318883901,0.2878037504802835,False,9,Left,Down,519,328,653,327,-0.027031642650736435,-0.02657667968045868
1743122687.8390698,0.265318374869355,0.2347600619345037,0.25003921840192933,False,9,Left,Down,519,328,654,328,-0.027451311690935273,-0.11643845505427447
1743122687.8721092,0.3563784133389197,0.28938135788589336,0.32287988561240655,False,9,Left,Down,521,328,654,327,-0.027675078244341594,-0.10915252383495305
1743122687.9039161,0.38737288270278825,0.3666581251221793,0.3770155039124838,False,9,Left,Down,520,328,653,327,-0.02911237493376367,-0.05905572765006367
1743122687.938146,0.3795045045045045,0.41755344512437415,0.39852897481443933,False,9,Left,Down,520,328,653,327,-0.025457480185784247,-0.03478321834220138
1743122687.968894,0.3879679074806304,0.4200744720498943,0.40402118976526236,False,9,Left,Down,520,328,653,327,-0.027906976007545096,-0.04229524706444904
1743122688.0052,0.40918128229985234,0.4227596860641665,0.41597048418200944,False,9,Left,Down,521,328,653,327,-0.02628279824228634,-0.03567187108872488
1743122688.038464,0.405438127704101,0.40211990245233153,0.40377901507821623,False,9,Left,Down,521,328,654,327,-0.022475928922663493,0.027574492180250154
1743122688.0725288,0.4082867982437444,0.40575774965252914,0.4070222739481368,False,9,Left,Down,520,328,653,327,-0.025816453788827597,0.004776416793650873
1743122688.1052449,0.3929830065791194,0.4362727235654177,0.41462786507226856,False,9,Left,Down,521,328,654,326,-0.015204699536418809,0.007116900514841429
